parameter_name,ik_key,value_type,allowed_values,constraints,tags,used_in,description,example_usage,method_name
width,width,"number, arithmetic_expression, """"""auto""""""",integer > 1 (px) OR 0 < w < 1 (percentage) OR arithmetic expression,Auto width from Client Hint Sec-CH-Width.,"resize, crop",image,"Output width. If only w is provided, height auto-scales to preserve aspect ratio.","### Example 1

**Integer value**

```python
tx = resize_and_crop(
    width=300
)
```

---

### Example 2

**Floating value between [0, 1]**

```python
tx = resize_and_crop(
    width=0.2  # 20% of total width
)
```

---

### Example 3

**Arithmetic expression**

```python
tx = resize_and_crop(
    width=""ih_div_2""
)
```",resize_and_crop
height,height,"number, arithmetic_expression, """"""auto""""""",integer > 1 (px) OR 0 < w < 1 (percentage) OR arithmetic expression,,resize,image,"Output height. If only h is provided, width auto-scales to preserve aspect ratio.","### Example 1

**Integer value**

```python
tx = ResizeAndCropTransforms().resize_and_crop(
    height=300
)
```

---

### Example 2

**Floating value between [0, 1]**

```python
tx = ResizeAndCropTransforms().resize_and_crop(
    height=0.2  # 20% of total height
)
```

---

### Example 3

**Arithmetic expression**

```python
tx = ResizeAndCropTransforms().resize_and_crop(
    height=""iw_div_2""
)
```",resize_and_crop
Aspect Ratio,aspect_ratio,"<w>-<h>, arithmetic_expression","width-height, arithmetic expression",Must be used with either w or h. Ignored if both w and h are provided.,resize,image,Aspect ratio (width:height).,"### Example 1

**width = 400, height = 300, aspect ratio = 4:3**

```python
tx = ResizeAndCropTransforms().resize_and_crop(
    aspect_ratio=""4-3"",
    width=400
)
```

---

### Example 2

**width = 400, aspect ratio = 2:1 (derived using arithmetic expression)**

```python
tx = ResizeAndCropTransforms().resize_and_crop(
    aspect_ratio=""iar_mul_2"",
    width=400
)
```",resize_and_crop
Crop Mode,crop_mode,enum,pad_resize | pad_extract | extract,"pad_resize

* Requires **both `w` and `h`** to be meaningful.
* Never crops image content.
* Output may contain padding (transparent or background color).
* Aspect ratio is always preserved.
* Padding placement depends on `fo` (default: center).
* Not suitable if you want to remove any part of the image.

----
extract

* Requires **both `w` and `h`**.
* Does **not resize** image content.
* Crop fails if extracted region exceeds image bounds (especially with `xc`, `yc`).
* Default focus is center unless overridden.
* Sensitive to auto-rotation metadata.
* Cannot upscale extracted content.

---
pad_extract

* Requires **both `w` and `h`**.
* Padding is added when extraction size > original image.
* Aspect ratio is preserved.
* Padding color must be explicitly set if non-default is required.
* Still depends on valid focus logic.

","resize, crop",image,"`cm-pad_resize` resizes the image to fit within the requested width and height **without cropping**, preserving aspect ratio by adding padding to reach exact dimensions.


`cm-extract` extracts a fixed-size region from the original image **without resizing**, preserving aspect ratio by cropping a specific area.

`cm-pad_extract` extracts a region like `cm-extract` but **adds padding** if the requested dimensions exceed the original image size.

","## pad_resize

### Example: Equal padding on all sides

This example shows resizing while preserving the image and adding equal padding.

```python
tx = ResizeAndCropTransforms().resize_and_crop(
    width=300,
    height=200,
    crop_mode=""pad_resize""
)
```

---

### Example: Padding with background color

This example shows padding added with a solid background color.

```python
tx = ResizeAndCropTransforms().resize_and_crop(
    width=300,
    height=200,
    crop_mode=""pad_resize"",
    background=""F3F3F3""
)
```

---

### Example: All padding on the right

This example shows padding pushed to one side using focus.

```python
tx = ResizeAndCropTransforms().resize_and_crop(
    width=300,
    height=200,
    crop_mode=""pad_resize"",
    focus=""left""
)
```

---

### Example: All padding at the bottom

This example shows vertical padding placement.

```python
tx = ResizeAndCropTransforms().resize_and_crop(
    width=100,
    height=200,
    crop_mode=""pad_resize"",
    focus=""top""
)
```

---

### Example: Responsive padding using percentage width

This example shows width as a percentage with exact height.

```python
tx = ResizeAndCropTransforms().resize_and_crop(
    width=0.5,
    height=200,
    crop_mode=""pad_resize""
)
```

---

## extract

### Example: Center extract

This example shows extracting a centered region.

```python
tx = ResizeAndCropTransforms().resize_and_crop(
    width=200,
    height=200,
    crop_mode=""extract""
)
```

---

### Example: Extract from bottom-right

This example shows relative focus extraction.

```python
tx = ResizeAndCropTransforms().resize_and_crop(
    width=300,
    height=300,
    crop_mode=""extract"",
    focus=""bottom_right""
)
```

---

### Example: Extract using X and Y coordinates

This example shows extracting from a specific pixel location.

```python
tx = ResizeAndCropTransforms().resize_and_crop(
    width=300,
    height=300,
    crop_mode=""extract"",
    x=100,
    y=300
)
```

---

### Example: Extract using center coordinates

This example shows extraction based on a center focal point.

```python
tx = ResizeAndCropTransforms().resize_and_crop(
    width=300,
    height=300,
    crop_mode=""extract"",
    x_center=300,
    y_center=400
)
```

---

### Example: Object-aware extract

This example shows smart extraction around an object.

```python
tx = ResizeAndCropTransforms().resize_and_crop(
    width=600,
    height=400,
    crop_mode=""extract"",
    focus=""car""
)
```

---

### Example: Extract with zoom out

This example shows including more background.

```python
tx = ResizeAndCropTransforms().resize_and_crop(
    width=600,
    height=400,
    crop_mode=""extract"",
    focus=""car"",
    zoom=0.6
)
```

---

## pad_extract

### Example: Extract larger than original image

This example shows padding added because the image is smaller.

```python
tx = ResizeAndCropTransforms().resize_and_crop(
    width=800,
    height=800,
    crop_mode=""pad_extract""
)
```

---

### Example: Pad extract with background color

This example shows padded extraction with a visible background.

```python
tx = ResizeAndCropTransforms().resize_and_crop(
    width=800,
    height=800,
    crop_mode=""pad_extract"",
    background=""F3F3F3""
)
```

---

### Example: Object-aware padded extract

This example shows smart extraction with padding.

```python
tx = ResizeAndCropTransforms().resize_and_crop(
    width=600,
    height=600,
    crop_mode=""pad_extract"",
    focus=""person""
)
```

---

### Example: Padded extract using center coordinates

This example shows coordinate-based padded extraction.

```python
tx = ResizeAndCropTransforms().resize_and_crop(
    width=500,
    height=500,
    crop_mode=""pad_extract"",
    x_center=250,
    y_center=250
)
```

---

### Example: Pad extract with zoom

This example shows zoom applied during padded extraction.

```python
tx = ResizeAndCropTransforms().resize_and_crop(
    width=600,
    height=400,
    crop_mode=""pad_extract"",
    focus=""car"",
    zoom=1.2
)
```",resize_and_crop
Crop,crop,enum,force | at_max_enlarge | at_least | maintain_ratio,"## force (`force`)

* Requires **both `w` and `h`**
* Aspect ratio is **not preserved**
* No cropping occurs
* Image may appear distorted
* Focus (`fo`) has no effect
* Not suitable for photos where proportions matter

---

## at_max_enlarge (`at_max_enlarge`)

* Requires **both `w` and `h`**
* Aspect ratio is always preserved
* Output dimensions may be **smaller than requested**
* Enlarges images beyond original size
* No cropping occurs
* Focus (`fo`) has no effect

---

## at_least (`at_least`)

* Requires **both `w` and `h`**
* Aspect ratio is preserved
* One dimension may be **larger than requested**
* No cropping occurs
* Focus (`fo`) has no effect
* Image may overflow container in one dimension

---

## maintain_ratio (`maintain_ratio`)

* Requires **both `w` and `h`**
* Cropping always occurs if aspect ratios differ
* Aspect ratio is preserved
* Default focus is center
* Sensitive to `fo` (auto, face, object, custom)
* Default crop mode if no `c` or `cm` is specified",crop,image,"**force (`force`)**
Resizes the image to the exact requested width and height **without preserving aspect ratio**, squeezing or stretching the image if needed.

**at_max_enlarge (`at_max_enlarge`)**
Resizes the image while preserving aspect ratio so that it fits **within the requested dimensions**, allowing enlargement beyond the original size.

**at_least (`at_least`)**
Resizes the image while preserving aspect ratio so that it is **at least as large as the requested dimensions**, possibly exceeding one dimension.

**maintain_ratio (`maintain_ratio`)**
Resizes the image to the exact requested width and height while preserving aspect ratio by **cropping parts of the image** (default crop behavior).","---

## force (`force`)

### This example shows forced resizing without preserving aspect ratio

```python
tx = ResizeAndCropTransforms().resize_and_crop(
    width=300,
    height=200,
    crop=""force""
)
```

---

### This example shows forced resize on a square image

```python
tx = ResizeAndCropTransforms().resize_and_crop(
    width=400,
    height=400,
    crop=""force""
)
```

---

## at_max_enlarge (`at_max_enlarge`)

### This example shows resizing within bounds while allowing enlargement

```python
tx = ResizeAndCropTransforms().resize_and_crop(
    width=850,
    height=1000,
    crop=""at_max_enlarge""
)
```

---

### This example shows responsive max-size enlarge behavior

```python
tx = ResizeAndCropTransforms().resize_and_crop(
    width=500,
    height=300,
    crop=""at_max_enlarge""
)
```

---

## at_least (`at_least`)

### This example shows resizing so image is at least the requested size

```python
tx = ResizeAndCropTransforms().resize_and_crop(
    width=300,
    height=200,
    crop=""at_least""
)
```

---

### This example shows image exceeding one dimension

```python
tx = ResizeAndCropTransforms().resize_and_crop(
    width=400,
    height=400,
    crop=""at_least""
)
```

---

## maintain_ratio (`maintain_ratio`)

### This example shows default center crop

```python
tx = ResizeAndCropTransforms().resize_and_crop(
    width=300,
    height=200,
    crop=""maintain_ratio""
)
```

---

### This example shows maintain ratio with auto smart focus

```python
tx = ResizeAndCropTransforms().resize_and_crop(
    width=200,
    height=300,
    crop=""maintain_ratio"",
    focus=""auto""
)
```

---

### This example shows object-aware cropping

```python
tx = ResizeAndCropTransforms().resize_and_crop(
    width=400,
    height=400,
    crop=""maintain_ratio"",
    focus=""car""
)
```

---

### This example shows maintain ratio with zoom

```python
tx = ResizeAndCropTransforms().resize_and_crop(
    width=400,
    height=400,
    crop=""maintain_ratio"",
    focus=""car"",
    zoom=1.4
)
```

---

### This example shows maintain ratio using custom focus

```python
tx = ResizeAndCropTransforms().resize_and_crop(
    width=500,
    height=100,
    crop=""maintain_ratio"",
    focus=""custom""
)
```",resize_and_crop
Focus Custom,focus,"""""""custom""""""","""custom""","* Requires a **custom focus area to be defined beforehand** (upload or media library).
* Has **no effect** if no custom focus is stored for the image.
* Works **only with cropping strategies**, not plain resizing.
* Supported only with:

  * `c-maintain_ratio`
  * `cm-extract`
* Ignored in:

  * `c-force`
  * `c-at_max`
  * `c-at_max_enlarge`
  * `c-at_least`
  * `cm-pad_resize`
* Does not work without meaningful dimensions (`w` and `h`).
* Cannot be combined with coordinate-based focus (`x`, `y`, `xc`, `yc`).",crop,image,Uses a **predefined custom focus area** (set during upload or in the media library) as the focal point for cropping or extraction.,"---

## custom with maintain_ratio

### This example shows cropping based on a custom focus area using the default crop strategy

```python
tx = ResizeAndCropTransforms().resize_and_crop(
    width=500,
    height=100,
    crop=""maintain_ratio"",
    focus=""custom""
)
```

---

## custom with extract crop mode

### This example shows extracting an area using a predefined custom focus

```python
tx = ResizeAndCropTransforms().resize_and_crop(
    width=500,
    height=100,
    crop_mode=""extract"",
    focus=""custom""
)
```",resize_and_crop
Focus Auto - Smart Crop,focus,"""""""auto""""""","""auto""","* Requires **both `w` and `h`**
* Works only with crop strategies that support cropping:

  * Default `c-maintain_ratio`
  * `cm-extract`
* Does **not** work with:

  * `c-force`
  * `c-at_max`
  * `c-at_least`
  * `c-at_max_enlarge`
  * `cm-pad_resize`
* Accuracy is heuristic and may fail for some images
* Trades accuracy for speed (real-time constraint)
* Cannot control which object is selected
* Zoom (`z`) is optional but affects final crop","crop, smart_crop",image,Automatically detects the most important region of an image and centers cropping around it to generate better thumbnails.,"
## fo-auto with default crop strategy (maintain_ratio)

### This example shows smart automatic cropping for a portrait thumbnail

```json
{
  ""width"": 200,
  ""height"": 300,
  ""focus"": ""auto""
}
```",resize_and_crop
Focus Face - Smart Crop,focus,"""""""face""""""","""face""","
* Requires **both `w` and `h`**
* Works only with crop strategies that perform cropping:

  * Default `c-maintain_ratio`
  * `cm-extract`
* Does **not** work with:

  * `c-force`
  * `c-at_max`
  * `c-at_least`
  * `c-at_max_enlarge`
  * `cm-pad_resize`
* Accuracy depends on face detection quality
* May not give accurate results for all images
* Supports `zoom (z)` to control background inclusion
* Real-time detection trades speed for accuracy","crop, smart_crop",image,Automatically detects one or more faces in the image and crops around them to generate face-focused thumbnails.,"## fo-auto with default crop strategy (maintain_ratio)

### This example shows smart automatic cropping for a portrait thumbnail

```python
tx = ResizeAndCropTransforms().resize_and_crop(
    width=200,
    height=300,
    crop=""maintain_ratio"",
    focus=""auto""
)
```
---

Here are the **converted examples**, rewritten to use the correct method
`ResizeAndCropTransforms().resize_and_crop`, with the default crop strategy (`maintain_ratio`) made explicit.

---

## Zoom with fo-face (default zoom)

### This example shows face cropping with default zoom

```python
tx = ResizeAndCropTransforms().resize_and_crop(
    width=150,
    height=150,
    crop=""maintain_ratio"",
    focus=""face""
)
```

---

## Zoom with fo-face (zoom in)

### This example shows zooming in on the detected face

```python
tx = ResizeAndCropTransforms().resize_and_crop(
    width=150,
    height=150,
    crop=""maintain_ratio"",
    focus=""face"",
    zoom=2.0
)
```

---

## Zoom with fo-face (zoom out)

### This example shows zooming out to include more background

```python
tx = ResizeAndCropTransforms().resize_and_crop(
    width=150,
    height=150,
    crop=""maintain_ratio"",
    focus=""face"",
    zoom=0.5
)
```
",resize_and_crop
Focus Objects - Smart Crop,focus,"""""""object""""""","""object"" | ""<object1>_<object2>""","
* Object name must be from the **supported COCO object list**
* Detection is heuristic and may fail for some images
* If the specified object is not found, cropping may fall back or fail
* Behavior depends on usage:

  * With no `w` / `h`: tightly crops to the object
  * With `w` / `h`: uses `c-maintain_ratio` or `cm-extract`
* When multiple objects are provided, **first detected object wins**
* Supports `zoom (z)` to include or exclude background
* Real-time detection trades speed for accuracy","crop, smart_crop",image,Automatically detects a specified object in the image and crops or extracts the image while keeping that object in focus.,"## Zoom with fo-object and extract crop mode

### This example shows object-aware extraction with default zoom

```python
tx = ResizeAndCropTransforms().resize_and_crop(
    width=600,
    height=400,
    crop_mode=""extract"",
    focus=""car""
)
```

---

## Zoom with fo-object and extract (zoom out)

### This example shows extract crop with zoomed-out background

```python
tx = ResizeAndCropTransforms().resize_and_crop(
    width=600,
    height=400,
    crop_mode=""extract"",
    focus=""car"",
    zoom=0.6
)
```

---

## Zoom with fo-object and extract (zoom in)

### This example shows extract crop zoomed in on the object

```python
tx = ResizeAndCropTransforms().resize_and_crop(
    width=600,
    height=400,
    crop_mode=""extract"",
    focus=""car"",
    zoom=1.4
)
```

---

## Zoom with tightly cropped object

### This example shows tightly cropped object with default zoom

```python
tx = ResizeAndCropTransforms().resize_and_crop(
    crop=""maintain_ratio"",
    focus=""car""
)
```

---

## Zoom with tightly cropped object (zoom out)

### This example shows zoomed-out tightly cropped object

```python
tx = ResizeAndCropTransforms().resize_and_crop(
    crop=""maintain_ratio"",
    focus=""car"",
    zoom=0.6
)
```

---

## Zoom with tightly cropped object (zoom in)

### This example shows zoomed-in tightly cropped object

```python
tx = ResizeAndCropTransforms().resize_and_crop(
    crop=""maintain_ratio"",
    focus=""car"",
    zoom=1.4
)
```

---

## Zoom with tightly cropped object and aspect ratio

### This example shows object crop with aspect ratio

```python
tx = ResizeAndCropTransforms().resize_and_crop(
    crop=""maintain_ratio"",
    focus=""car"",
    aspect_ratio=""2-1""
)
```

---

## Zoom with tightly cropped object, aspect ratio, and zoom

### This example shows zoom applied with aspect ratio

```python
tx = ResizeAndCropTransforms().resize_and_crop(
    crop=""maintain_ratio"",
    focus=""car"",
    aspect_ratio=""2-1"",
    zoom=0.6
)
```",resize_and_crop
Zoom,zoom,number,"0-1, >1
","* Works **only with focus-based cropping**

  * `fo-face`
  * `fo-<object>`
* Has **no effect** without a valid `fo` value
* Does **not** work with:

  * `c-force`
  * `c-at_max`
  * `c-at_least`
  * `c-at_max_enlarge`
  * `cm-pad_resize`
* Default value is `z-1`
* Valid values:

  * `0 < z < 1` → zoom out (include more background)
  * `z > 1` → zoom in (exclude background)
* Accuracy depends on quality of object / face detection
* Behavior differs based on crop mode:

  * Default `c-maintain_ratio`
  * `cm-extract`
  * Tightly cropped object",crop,image,Controls how much to zoom in or zoom out around the focused area during face- or object-based cropping.,"
## Zoom with tightly cropped object, aspect ratio, and zoom

### This example shows zoom applied with aspect ratio

```python
tx = ResizeAndCropTransforms().resize_and_crop(
    crop=""maintain_ratio"",
    focus=""car"",
    aspect_ratio=""2-1"",
    zoom=0.6
)
```

Below are **only the zoom-related examples**, rewritten to use the correct method
`ResizeAndCropTransforms().resize_and_crop`.
Non-zoom explanations are kept minimal and defaults are validator-safe.

---

## Zoom with fo-face (default zoom)

```python
tx = ResizeAndCropTransforms().resize_and_crop(
    width=150,
    height=150,
    crop=""maintain_ratio"",
    focus=""face""
)
```

---

## Zoom with fo-face (zoom in)

```python
tx = ResizeAndCropTransforms().resize_and_crop(
    width=150,
    height=150,
    crop=""maintain_ratio"",
    focus=""face"",
    zoom=2.0
)
```

---

## Zoom with fo-face (zoom out)

```python
tx = ResizeAndCropTransforms().resize_and_crop(
    width=150,
    height=150,
    crop=""maintain_ratio"",
    focus=""face"",
    zoom=0.5
)
```

---

## Zoom with fo-object using default crop mode

```python
tx = ResizeAndCropTransforms().resize_and_crop(
    width=400,
    height=400,
    crop=""maintain_ratio"",
    focus=""car""
)
```

---

## Zoom with fo-object (z = 1)

```python
tx = ResizeAndCropTransforms().resize_and_crop(
    width=400,
    height=400,
    crop=""maintain_ratio"",
    focus=""car"",
    zoom=1
)
```

---

## Zoom with fo-object (zoom out)

```python
tx = ResizeAndCropTransforms().resize_and_crop(
    width=400,
    height=400,
    crop=""maintain_ratio"",
    focus=""car"",
    zoom=0.6
)
```

---

## Zoom with fo-object (zoom in)

```python
tx = ResizeAndCropTransforms().resize_and_crop(
    width=400,
    height=400,
    crop=""maintain_ratio"",
    focus=""car"",
    zoom=1.4
)
```

---

## Zoom with fo-object and extract crop mode

```python
tx = ResizeAndCropTransforms().resize_and_crop(
    width=600,
    height=400,
    crop_mode=""extract"",
    focus=""car""
)
```

---

## Zoom with fo-object and extract (zoom out)

```python
tx = ResizeAndCropTransforms().resize_and_crop(
    width=600,
    height=400,
    crop_mode=""extract"",
    focus=""car"",
    zoom=0.6
)
```

---

## Zoom with fo-object and extract (zoom in)

```python
tx = ResizeAndCropTransforms().resize_and_crop(
    width=600,
    height=400,
    crop_mode=""extract"",
    focus=""car"",
    zoom=1.4
)
```

---

## Zoom with tightly cropped object

```python
tx = ResizeAndCropTransforms().resize_and_crop(
    crop=""maintain_ratio"",
    focus=""car""
)
```

---

## Zoom with tightly cropped object (zoom out)

```python
tx = ResizeAndCropTransforms().resize_and_crop(
    crop=""maintain_ratio"",
    focus=""car"",
    zoom=0.6
)
```

---

## Zoom with tightly cropped object (zoom in)

```python
tx = ResizeAndCropTransforms().resize_and_crop(
    crop=""maintain_ratio"",
    focus=""car"",
    zoom=1.4
)
```

---

## Zoom with tightly cropped object and aspect ratio

```python
tx = ResizeAndCropTransforms().resize_and_crop(
    crop=""maintain_ratio"",
    focus=""car"",
    aspect_ratio=""2-1""
)
```

---

## Zoom with tightly cropped object, aspect ratio, and zoom

```python
tx = ResizeAndCropTransforms().resize_and_crop(
    crop=""maintain_ratio"",
    focus=""car"",
    aspect_ratio=""2-1"",
    zoom=0.6
)
```

---",resize_and_crop
x position of cm_extract,"x, y, x_center, y_center",number,number,"## x

* Works **only with `cm-extract`**
* Requires **both `w` and `h`**
* Value is relative to the original image’s top-left corner
* Crop fails if extracted area exceeds image bounds
* Affected by image auto-rotation metadata
* Cannot be used with resize-only crop modes

---

## y

* Works **only with `cm-extract`**
* Requires **both `w` and `h`**
* Value is relative to the original image’s top-left corner
* Crop fails if extracted area exceeds image bounds
* Affected by image auto-rotation metadata
* Cannot be used with resize-only crop modes

---

## xc

* Works **only with `cm-extract`**
* Requires **both `w` and `h`**
* Defines center of extraction, not the edge
* Crop fails if centered area exceeds image bounds
* More error-prone than `x,y`
* Affected by image auto-rotation metadata

---

## yc

* Works **only with `cm-extract`**
* Requires **both `w` and `h`**
* Defines center of extraction, not the edge
* Crop fails if centered area exceeds image bounds
* More error-prone than `x,y`
* Affected by image auto-rotation metadata","crop, position",image,"**x**
Specifies the horizontal position of the **top-left corner** of the extracted area from the original image.

**y**
Specifies the vertical position of the **top-left corner** of the extracted area from the original image.

**xc**
Specifies the horizontal position of the **center point** of the extracted area from the original image.

**yc**
Specifies the vertical position of the **center point** of the extracted area from the original image.","---

## x (with y)

### This example shows extraction starting from a fixed top-left point

```python
tx = ResizeAndCropTransforms().resize_and_crop(
    width=300,
    height=300,
    crop_mode=""extract"",
    x=100,
    y=300
)
```

---

## y (with x)

### This example shows vertical offset for the extraction start point

```python
tx = ResizeAndCropTransforms().resize_and_crop(
    width=300,
    height=300,
    crop_mode=""extract"",
    x=100,
    y=300
)
```

---

## x_center (with y_center)

### This example shows extraction centered around a specific focal point

```python
tx = ResizeAndCropTransforms().resize_and_crop(
    width=300,
    height=300,
    crop_mode=""extract"",
    x_center=300,
    y_center=400
)
```

---

## y_center (with x_center)

### This example shows vertical center positioning for extraction

```python
tx = ResizeAndCropTransforms().resize_and_crop(
    width=300,
    height=300,
    crop_mode=""extract"",
    x_center=300,
    y_center=400
)
```

---",resize_and_crop
dpr,dpr,number,number,"* Can be used **only when `w` or `h` is specified**
* Valid range: **`0.1` to `5`**
* If calculated output width or height:

  * Is **less than 1px**, or
  * Is **greater than 5000px**
    → DPR is ignored and base dimensions are used
* Does **not** change aspect ratio
* Does **not** work without dimensions
* `dpr-auto` depends on client hints (`Sec-CH-DPR`)
* Ineffective if client hints are not sent by the browser",resize,image,Specifies the device pixel ratio used to scale the output image dimensions for high-DPR displays like Retina or high-end mobile screens.,"
## DPR with width specified

### This example shows DPR applied to width-based resizing

```python
tx = ResizeAndCropTransforms().resize_and_crop(
    width=300,
    dpr=2
)
```

---

## DPR with height specified

### This example shows DPR applied to height-based resizing

```python
tx = ResizeAndCropTransforms().resize_and_crop(
    height=200,
    dpr=2
)
```

---

## DPR with both width and height

### This example shows DPR scaling both dimensions

```python
tx = ResizeAndCropTransforms().resize_and_crop(
    width=300,
    height=200,
    dpr=2
)
```

---

## DPR auto using client hints

### This example shows automatic DPR detection via request headers

```python
tx = ResizeAndCropTransforms().resize_and_crop(
    width=300,
    dpr=""auto""
)
```

---

## DPR ignored due to output size constraints

### This example shows DPR being ignored when output exceeds limits

```python
tx = ResizeAndCropTransforms().resize_and_crop(
    width=6000,
    dpr=2
)
```

---",resize_and_crop
Remove dot bg Background removal,ai_remove_background_external,boolean,boolean,"* This is an **AI transformation** and may take longer than basic transformations.
* The output may return an **intermediate HTML response** with status `200` and header `is-intermediate-response:true` if processing is still ongoing.
* Only **one async AI transformation** is allowed per transformation step; multiple AI transformations must be **chained using `:`**, not combined with `,`.
* If a request fails, the error response is **cached for a short duration**; retrying the same URL may require waiting a few minutes.
* Outputs are **cached indefinitely** to avoid repeated extension unit consumption.
* Can be used inside **image overlay layers** (this is an exception; most AI transformations cannot).
* Consumes **extension units** as per your pricing plan.",background_removal,ai_transformation,"Removes the background from an image using AI, producing a transparent background around the primary subject.","### Example 1: Remove background from an image

This example shows how to remove the background from an image using the `e-removedotbg` transformation.

```
{
  ""tr"": ""e-removedotbg""
}
```

---

### Example 2: Remove background and add a drop shadow using chained transformations

This example shows how to first remove the background and then add an AI drop shadow by chaining transformations using a colon (`:`).

```
{
  ""tr"": ""e-removedotbg:e-dropshadow""
}
```
",ai_transform
Imagekit background removal,ai_remove_background,boolean,boolean,"* This is an **AI transformation** and may take longer than basic transformations.
* The output may return an **intermediate HTML response** with status `200` and header `is-intermediate-response:true` if processing is still ongoing.
* Only **one async AI transformation** is allowed per transformation step; multiple AI transformations must be **chained using `:`**, not combined with `,`.
* If a request fails, the error response is **cached for a short duration**; retrying the same URL may require waiting a few minutes.
* Outputs are **cached indefinitely** to prevent repeated extension unit consumption.
* Can be used inside **image overlay layers** (exception to the general AI transformation restriction).
* Consumes **extension units**, but at a significantly lower cost compared to `e-removedotbg` (approximately 1/10th).",background_removal,ai_transformation,"Removes the background from an image using AI, producing a transparent background around the primary subject.","### Example 1: Remove background from an image

This example shows how to remove the background from an image using the `e-bgremove` transformation.

```
{
  ""tr"": ""e-bgremove""
}
```

---

### Example 2: Remove background and add a drop shadow using chained transformations

This example shows how to remove the background first and then add a drop shadow by chaining AI transformations using a colon (`:`).

```
{
  ""tr"": ""e-bgremove:e-dropshadow""
}
```

---

## Details and Examples Using Other Parameters

### Chaining with AI drop shadow

This example demonstrates combining `e-bgremove` with another AI transformation by placing them in **separate chained steps**.

```
{
  ""tr"": ""e-bgremove:e-dropshadow""
}
```

---

### Usage inside image overlay layers

This example highlights that `e-bgremove` can be used inside image overlay layers, unlike most AI transformations.

```
{
  ""tr"": ""e-bgremove""
}
```",ai_transform
AI Drop Shadow,ai_drop_shadow,boolean,boolean,"* The image **must have a transparent background** for the drop shadow to be visible.
* Background transparency is typically achieved using `e-removedotbg` **before** applying `e-dropshadow`.
* This is an **AI transformation** and may take longer than basic effects.
* The response may be an **intermediate HTML response** with status `200` and header `is-intermediate-response:true` while processing.
* Only **one async AI transformation** is allowed per transformation step.

  * Multiple AI transformations must be **chained using `:`**, not combined with `,`.
* If a request fails, the error response is **cached briefly**, so retries on the same URL may require waiting.
* Outputs are **cached indefinitely** to prevent repeated extension unit usage.
* Consumes **extension units** as per your pricing plan.
* Can be used inside **image overlay layers** (exception to most AI transformations).",drop_shadow,ai_transformation,"**`e-dropshadow`**
Adds an AI-generated drop shadow around the main object in an image, simulating realistic lighting based on a virtual light source.

## Parameters and Defaults

The following parameters can be used with `e-dropshadow`:

* **`az` (Azimuth)**
  Direction of the light source.
  Range: `0–360`
  Default: `215`

* **`el` (Elevation)**
  Elevation angle of the light source above the surface.
  Range: `0–90`
  Default: `45`

* **`st` (Saturation)**
  Intensity of the shadow.
  Range: `0–100`
  Default: `60`

Syntax:

```
e-dropshadow[:-az-${0-360}][:_el-${0-90}][:_st-${0-100}]
```","
### Example 1: Add AI drop shadow to an image

This example shows how to add a default AI drop shadow to an image with a transparent background.

```
{
  ""tr"": ""e-dropshadow""
}
```

---

### Example 2: Change light source direction using azimuth

This example shows how to change the direction of the light source by setting the azimuth angle.

```
{
  ""tr"": ""e-dropshadow-az-45""
}
```

---

## Details and Examples Using Other Parameters

### Applying drop shadow after background removal

This example shows how to remove the background first and then add a drop shadow by chaining AI transformations.

```
{
  ""tr"": ""e-removedotbg:e-dropshadow""
}
```

---

### Comparison with non-AI shadow effect

This example highlights the difference between AI drop shadow and the regular shadow effect using `e-shadow`.

```
{
  ""tr"": ""e-shadow""
}
```",ai_transform
AI Change Background,ai_changebg,boolean,boolean,"## Limitations

* This is an **AI transformation** and may take longer than standard image transformations.
* The response may be an **intermediate HTML response** with status `200` and header `is-intermediate-response:true` while the background is being generated.
* Only **one async AI transformation** is allowed per transformation step.

  * Multiple AI transformations must be **chained using `:`**, not combined using `,`.
* If a request fails, the error response is **cached temporarily**, and retries on the same URL may require waiting.
* Outputs are **cached indefinitely** to avoid repeated extension unit usage.
* Most AI transformations **cannot be used inside layers**; `e-changebg` is not listed as an exception.
* Consumes **extension units** based on your pricing plan.",ai_change_bg,ai_transformation,"**`e-changebg`**
Changes the background of an image by generating a new background based on a descriptive text prompt while preserving the foreground subject.

## Parameters and Defaults

The following parameters are supported with `e-changebg`:

* **`prompt` (text prompt)**
  Describes the new background to be generated.
  Formats:

  * `e-changebg-prompt-${text}`
  * `e-changebg-prompte-${urlencoded_base64_encoded_text}`
    Default: **No default** (required)

There are **no additional configurable sub-parameters** (such as strength, style, or positioning) directly attached to `e-changebg`.
","### Example 1: Change background using a text prompt

This example shows how to replace the background with a snowy road scene using a direct text prompt.

```
{
  ""tr"": ""e-changebg-prompt-snow road""
}
```

---

### Example 2: Change background using a Base64 URL-encoded prompt

This example shows how to replace the background using a Base64 URL-encoded text prompt.

```
{
  ""tr"": ""e-changebg-prompte-cmFjaW5nIHRyYWNr""
}
```

---

## Details and Examples Using Other Parameters

### Resizing and repositioning subject before changing background

This example demonstrates resizing the subject, positioning it in the top-right corner, and placing it on a neutral background before applying the background change.

```
{
  ""tr"": ""h-200:w-1200,h-200,cm-pad_resize,fo-right,bg-CCCCCC:w-1200,h-600,cm-pad_resize,bg-CCCCCC,fo-top""
}
```

---

### Applying background change after layout adjustments

This example shows changing the background after resizing and repositioning using chained transformations.

```
{
  ""tr"": ""h-200:w-1200,h-200,cm-pad_resize,fo-right,bg-CCCCCC:w-1200,h-600,cm-pad_resize,bg-CCCCCC,fo-top:e-changebg-prompt-bathroom""
}
```",ai_transform
AI Edit,ai_edit,boolean,boolean,"* This is an **AI transformation** and may take longer than standard image transformations.
* The response may return an **intermediate HTML response** with status `200` and header `is-intermediate-response:true` while processing.
* Only **one async AI transformation** is allowed per transformation step.

  * Multiple AI transformations must be **chained using `:`**, not combined using `,`.
* If a request fails, the error response is **cached for a short duration**, and retries on the same URL may require waiting.
* Outputs are **cached indefinitely** to avoid repeated extension unit usage.
* Most AI transformations **cannot be used inside layers**; `e-edit` is not listed as an exception.
* Consumes **extension units** based on your pricing plan.
* **Output size rules**:

  * If the input image is square → output is `1024 × 1024`
  * Otherwise → output is `1536 × 1024` or `1024 × 1536`
  * The shorter side is padded seamlessly to match the output size.",ai_edit,ai_transformation,"**`e-edit`**
Edits or modifies the contents of an image using a descriptive text prompt, generating a new image with AI-driven visual changes.
## Parameters and Defaults

The following parameters are supported with `e-edit`:

* **`prompt` (text prompt)**
  Describes how the image should be edited.
  Formats:

  * `e-edit-prompt-${text}`
  * `e-edit-prompte-${urlencoded_base64_encoded_text}`
    Default: **No default** (required)

There are **no additional configurable sub-parameters** (such as strength, mask, or style) available for `e-edit`.","### Example 1: Edit image using a text prompt

This example shows editing a cake image by adding decorative elements using a direct text prompt.

```
{
  ""tr"": ""e-edit-prompt-add some flair to this plain cake""
}
```

---

### Example 2: Edit image using a Base64 URL-encoded text prompt

This example shows modifying the seawater color using a Base64 URL-encoded prompt.

```
{
  ""tr"": ""e-edit-prompte-bWFrZSB0aGUgc2Vhd2F0ZXIgYmx1ZQo%3D""
}
```

---

## Details and Examples Using Other Parameters

### Using Base64 encoding for special characters

This example demonstrates using the Base64-encoded prompt method when the prompt contains special characters like `/`, `:` or `,`.

```
{
  ""tr"": ""e-edit-prompte-bWFrZSB0aGUgc2Vhd2F0ZXIgYmx1ZQo%3D""
}
```

---

### Output dimension handling

This example highlights that the output dimensions are automatically adjusted and padded based on the input image’s aspect ratio.

```
{
  ""tr"": ""e-edit-prompt-add some flair to this plain cake""
}
```",ai_transform
Generative fill,ai_bg_genfill,boolean,boolean,"* This is an **AI transformation** and may take longer than standard image transformations.
* The response may return an **intermediate HTML response** with status `200` and header `is-intermediate-response:true` while processing.
* Only **one async AI transformation** is allowed per transformation step.

  * Multiple AI transformations must be **chained using `:`**, not combined using `,`.
* If a request fails, the error response is **cached temporarily**, and retries on the same URL may require waiting.
* Outputs are **cached indefinitely** to avoid repeated extension unit usage.
* Most AI transformations **cannot be used inside layers**; `bg-genfill` is not listed as an exception.
* **Required parameters**:

  * Must be used with **`width (w)`**, **`height (h)`**
  * Must use either **`cm-pad_resize`** or **`cm-pad_extract`**
* Consumes **extension units** based on your pricing plan.",ai_bg_genfill,ai_transformation,"**`bg-genfill`**
Extends an image beyond its original boundaries by generating new background content using AI while preserving the original image content.


The following parameters are supported with `bg-genfill`:

* **`prompt` (text prompt)** *(optional)*
  Describes what should be generated in the extended background.
  Formats:

  * `bg-genfill-prompt-${text}`
  * `bg-genfill-prompte-${urlencoded_base64_encoded_text}`
    Default: **No prompt** (AI fills background automatically)

* **`width (w)`** *(required)*
  Target width of the output image.
  Default: **None (required)**

* **`height (h)`** *(required)*
  Target height of the output image.
  Default: **None (required)**

* **`crop_mode (cm)`** *(required)*
  Must be one of:

  * `cm-pad_resize`
  * `cm-pad_extract`
    Default: **None (required)**
","### Example 1: Extend image width using generative fill

This example shows extending an image to a width of `1000px` using generative fill.

```
{
  ""tr"": ""bg-genfill,w-1000,h-960,cm-pad_resize""
}
```

---

### Example 2: Extend image width using generative fill with a text prompt

This example shows extending the image while controlling the generated content using a text prompt.

```
{
  ""tr"": ""bg-genfill-prompt-flowers,w-1000,h-960,cm-pad_resize""
}
```

---

## Details and Examples Using Other Parameters

### Using generative fill with padding-based resize strategy

This example demonstrates that `bg-genfill` must be combined with `pad_resize` to expand the canvas.

```
{
  ""tr"": ""bg-genfill,w-1000,h-960,cm-pad_resize""
}
```

---

### Controlling generated background with a prompt

This example shows how a prompt can guide the AI to generate specific elements in the extended background.

```
{
  ""tr"": ""bg-genfill-prompt-flowers,w-1000,h-960,cm-pad_resize""
}
```

---",ai_transform
AI Generate Image,ai_gen_image,boolean,boolean,"
* This is an **AI transformation** and may take longer than standard image transformations.
* The response may return an **intermediate HTML response** with status `200` and header `is-intermediate-response:true` while processing.
* Only **one async AI transformation** is allowed per transformation step.

  * Multiple AI transformations must be **chained using `:`**, not combined using `,`.
* If a request fails, the error response is **cached temporarily**, and retries on the same URL may require waiting.
* Outputs are **cached indefinitely** to avoid repeated extension unit usage.
* Most AI transformations **cannot be used inside layers**; `e-upscale` is not listed as an exception.
* **Input image resolution must be less than 16 megapixels (16 MP)**.
* **Output image resolution is always 16 MP**.
* Consumes **extension units** based on your pricing plan.",ai_gen_image,ai_transformation,"Generates a new image from a text prompt using AI and stores the generated image at the specified file path.

## Parameters and Defaults

The following parameters are supported with `ik-genimg`:

* **`prompt` (text prompt)** *(required)*
  Describes the image to be generated.
  Format:

  * `ik-genimg-prompt-${text}`
    Default: **No default** (required)

* **`filepath` and `filename`** *(required)*
  `ik-genimg-prompt-${text}/filepath/filename.jpg`
  Determines where the generated image will be stored and accessed.
  Default: **None (required)**

There are **no additional AI tuning parameters** (such as style, seed, or resolution) available for `ik-genimg`.","### Example 1: Generate an image using a text prompt

This example shows generating an image of a man eating a burger.

```
{
  ""path"": ""ik-genimg-prompt-A man eating a burger/gen-burger-image.jpg""
}
```


---

### Example 2: Generate another version by appending a query parameter

This example shows forcing regeneration by appending a random query parameter.

```
{
  ""path"": ""ik-genimg-prompt-A man eating a burger/gen-burger-image.jpg"",
  ""query"": ""v=3""
}
```

---
",ai_transform
AI Generative Variation,ai_genvar,boolean,boolean,"* This is an **AI transformation** and may take longer than standard image transformations.
* The response may return an **intermediate HTML response** with status `200` and header `is-intermediate-response:true` while processing.
* Only **one async AI transformation** is allowed per transformation step.

  * Multiple AI transformations must be **chained using `:`**, not combined using `,`.
* If a request fails, the error response is **cached temporarily**, and retries on the same URL may require waiting.
* Outputs are **cached indefinitely** to avoid repeated extension unit usage.
* Most AI transformations **cannot be used inside layers**; `e-genvar` is not listed as an exception.
* Consumes **extension units** based on your pricing plan.
* Variations are **non-deterministic**; generating another variation requires changing the URL (e.g., adding a query parameter).",ai_genvar,ai_transformation,"**`e-genvar`**
Generates AI-based visual variations of an existing image while preserving its overall structure and composition.


## Parameters and Defaults

The following parameters are supported with `e-genvar`:

* **No additional parameters**
  The transformation is applied as a single flag:
  `e-genvar`
  Default behavior applies automatically.","
### Example 1: Generate a variation of an image

This example shows generating a variation of an image after resizing it.

```
{
  ""tr"": ""w-600,h-400:e-genvar""
}
```

---

### Example 2: Generate another variation using a query parameter

This example shows forcing generation of a different variation by appending a random query parameter.

```
{
  ""tr"": ""w-600,h-400:e-genvar"",
  ""query"": ""v=3""
}
```

---

## Details and Examples Using Other Parameters

### Combining resize and variation generation

This example demonstrates resizing an image before generating a variation.

```
{
  ""tr"": ""w-600,h-400:e-genvar""
}
```

---

### Comparing original and generated variation

This example highlights the difference between the original resized image and its AI-generated variation.

```
{
  ""tr"": ""w-600,h-400""
}
```",ai_transform
Retouch ,ai_retouch,boolean,boolean,"* This is an **AI transformation** and may take longer than standard image transformations.
* The response may return an **intermediate HTML response** with status `200` and header `is-intermediate-response:true` while processing.
* Only **one async AI transformation** is allowed per transformation step.

  * Multiple AI transformations must be **chained using `:`**, not combined using `,`.
* If a request fails, the error response is **cached for a short duration**, and retries on the same URL may require waiting.
* Outputs are **cached indefinitely** to avoid repeated extension unit usage.
* Most AI transformations **cannot be used inside layers**; `e-retouch` is not listed as an exception.
* **Input image resolution must be less than 16 megapixels (16 MP)**.
* Consumes **extension units** based on your pricing plan.",ai_retouch,ai_transformation,"Improves the visual quality of an image using AI by enhancing details and correcting imperfections.


The following parameters are supported with `e-retouch`:

* **No additional parameters**
  The transformation is applied as a single flag:
  `e-retouch`
  Default behavior applies automatically.
","### Example 1: Improve image quality using retouch

This example shows improving the quality of a low-quality image using AI retouch.

```
{
  ""tr"": ""e-retouch""
}
```

---",ai_transform
AI Upcale,ai_upscale,boolean,boolean,"* This is an **AI transformation** and may take longer than standard image transformations.
* The response may return an **intermediate HTML response** with status `200` and header `is-intermediate-response:true` while processing.
* Only **one async AI transformation** is allowed per transformation step.

  * Multiple AI transformations must be **chained using `:`**, not combined using `,`.
* If a request fails, the error response is **cached temporarily**, and retries on the same URL may require waiting.
* Outputs are **cached indefinitely** to avoid repeated extension unit usage.
* Most AI transformations **cannot be used inside layers**; `e-upscale` is not listed as an exception.
* **Input image resolution must be less than 16 megapixels (16 MP)**.
* **Output image resolution is always 16 MP**.
* Consumes **extension units** based on your pricing plan.",ai_upscale,ai_transformation,"**`e-upscale`**
Increases the resolution of an image using AI, enhancing details while scaling the image up to a higher resolution.

The following parameters are supported with `e-upscale`:

* **No additional parameters**
  The transformation is applied as a single flag:
  `e-upscale`
  Default behavior applies automatically.","## Examples

### Example 1: Upscale an image using AI

This example shows increasing the resolution of a low-resolution image using the `e-upscale` transformation.

```
{
  ""tr"": ""e-upscale""
}
```

---

## Details and Examples Using Other Parameters

### Upscaling a low-resolution image

This example demonstrates applying `e-upscale` to automatically enhance and increase image resolution.

```
{
  ""tr"": ""e-upscale""
}
```

---

### Output resolution behavior

This example highlights that the output image is automatically scaled to 16 MP regardless of the input size.

```
{
  ""tr"": ""e-upscale""
}
```",ai_transform
Image Path,image_path,string,path (str),Required,image_overlay,image_overlay,Path of the overlay image from ImageKit media library.,"```
{
    ""image_path"": ""logo-white_SJwqB4Nfe.png"",
}
```
",image_overlay
Encoded,encoded,boolean,boolean,,image_overlay,image_overlay,Whether to encode image_path,"{
    ""image_path"": ""logo-white_SJwqB4Nfe.png"",
     ""encoded"": True
}",image_overlay
Layer X position,layer_x,"number, arithmetic_expression",Number and arithmetic expression,"* Accepts:

  * `int` (positive or negative)
  * Arithmetic expressions (`bw_mul_0.2`, etc)
* Negative numbers are represented internally as `N<value>`","image_overlay, position",image_overlay,Horizontal position of the overlay relative to base image.,"```
# Positive
{
    ""image_path"": ""logo-white_SJwqB4Nfe.png"",
    ""layer_x"": 35,
}
```

```
# Negative
{
    ""image_path"": ""logo-white_SJwqB4Nfe.png"",
    ""layer_x"": -35,
}
```

```
# Expression
{
    ""image_path"": ""logo-white_SJwqB4Nfe.png"",
    ""layer_x"": ""bw_mul_0.2"",
}
```",image_overlay
Layer Y position,layer_y,"number, arithmetic_expression",Number and arithmetic expression,"**Constraints**

* Same rules as `layer_x`
* Accepts arithmetic expressions","image_overlay, position",image_overlay,Vertical position of the overlay relative to base image.,"```
# Positive
{
    ""image_path"": ""logo-white_SJwqB4Nfe.png"",
    ""layer_y"": 35,
}
```

```
# Negative
{
    ""image_path"": ""logo-white_SJwqB4Nfe.png"",
    ""layer_y"": -35,
}
```

```
# Expression
{
    ""image_path"": ""logo-white_SJwqB4Nfe.png"",
    ""layer_y"": ""bw_mul_0.2"",
}
```",image_overlay
Height,height,"number, arithmetic_expression",Number and arithmetic expression,"**Constraints**

* Accepts arithmetic expressions
* Works with `crop_mode`","image_overlay, sizing",image_overlay,Height of the overlay image.,"```
{
    ""image_path"": ""women-dress.jpeg"",
    ""height"": ""bh_div_2"",
    ""crop_mode"": ""pad_resize"",
}
```",image_overlay
Crop mode,crop_mode,"number, arithmetic_expression",Number and arithmetic expression,"
* Allowed values:

  * `""pad_resize""`
  * `""extract""`
* Required for background fill (`background`)","image_overlay, sizing",image_overlay,Controls padding vs extraction behavior.,"```
{
    ""image_path"": ""women-dress.jpeg"",
    ""width"": 400,
    ""height"": 400,
    ""crop_mode"": ""pad_resize"",
}
```",image_overlay
Background,background,"string, custom_parameters",Number and arithmetic expression,"
* Requires `crop_mode`=""pad_resize""` or crop_mode = ""pad_extract""
* Accepts:

  * color names (`red`)
  * hex (`FF0000`)
  * hex + opacity (`FF000080`)
  * ""dominant""
  * For blurred background requires a dict of blur_intensity, brightness
  * For Gradient background requires dict of `mode` and `pallete_size`","image_overlay, background",image_overlay,Background color for padded areas.,"Example 1: A simple solid background

```
{
    ""image_path"": ""women-dress.jpeg"",
    ""width"": 400,
    ""height"": 400,
    ""ccrop_mode"": ""pad_resize"",
    ""background"": ""yellow"",
}
```

Example 2: A background with transparent layer image
```
{
    ""image_path"": ""lipstick_1M.png"",
    ""height"": 400,
    ""width"": 400,
    ""crop_mode"": ""pad_resize"",
    ""background"": ""yellow"",
}
```

Example 3: Image Layer blurred background
```
{
    ""image_path"": ""sample_image.jpg"",
    ""height"": 400,
    ""width"": 400,
    ""crop_mode"": ""pad_resize"",
    ""background"": {
        ""blur_intensity"": 50,
        ""brightness"": 50,
    },
}
```

Example 4: dominant background
```
{
    ""image_path"": ""sample_image.jpg"",
    ""height"": 400,
    ""width"": 400,
    ""crop_mode"": ""pad_resize"",
    ""background"": ""dominant"",
}
```

Example 5: # Image layer with gradient background
```
{
    ""image_path"": ""sample_image.jpg"",
    ""height"": 400,
    ""width"": 400,
    ""crop_mode"": ""pad_resize"",
    ""background"": {
        ""mode"": ""dominant"",
        ""pallete_size"": 2,
    },
}
```",image_overlay
Grayscale,effects.grayscale,boolean,boolean,"* Boolean flag
* Maps to `e-grayscale`","image_overlay, grayscale",image_overlay,Converts overlay image to grayscale.,"```
{
    ""image_path"": ""women-dress.jpeg"",
    ""w"": 400,
    ""h"": 400,
    ""cm"": ""pad_resize"",
    ""bg"": ""yellow"",
    ""e_grayscale"": True,
}
```",image_overlay
Border,effects.border,string,`<width>_<color>`,"* Format: `<width>_<color>`
* Color can be hex or name
","image_overlay, border",image_overlay,Adds a border around the overlay image.,"```
{
    ""image_path"": ""women-dress.jpeg"",
    ""h"": 400,
    ""b"": ""10_red"",
}
```",image_overlay
Trim,effects.trim,boolean,boolean,"* Default: `true`
* Use `false` to disable trimming","image_overlay, trim",image_overlay,Controls automatic trimming of overlay image.,"```
{
    ""image_path"": ""women-dress.jpeg"",
    ""t"": False,
}
```",image_overlay
Layer focus (relative positioning),layer_focus,string,"* Allowed values:

  * `center`
  * `top`, `bottom`, `left`, `right`
  * `top_left`, `top_right`
  * `bottom_left`, `bottom_right`
* Used heavily in nested layers
","* Allowed values:

  * `center`
  * `top`, `bottom`, `left`, `right`
  * `top_left`, `top_right`
  * `bottom_left`, `bottom_right`
* Used heavily in nested layers
","image_overlay, crop, focus",image_overlay,Positions the layer relative to its parent container.,"
```
{
    ""image_path"": ""women-dress.jpeg"",
    ""height"": 400,
    ""layer_focus"": ""bottom_left"",
}
```",image_overlay
Zoom,effects.zoom,float,float,"
* **Only valid with `fo=""face""`**
* Float > 0
* Default = `1.0`","image_overlay, crop",image_overlay,Zooms into cropped region.,"```
{
    ""image_path"": ""person.jpeg"",
    ""focus"": ""face"",
    ""zoom"": 1.3,
}
```",image_overlay
Extract coordinates,"`x`, `y`, `xc`, `yc`","number, arithmetic_expression",Number and arithmetic expression,"* **Only valid with `cm=""extract""`**
* Mutually exclusive:

  * (`x`, `y`) vs (`xc`, `yc`)","image_overlay, position",image_overlay,Used to define exact crop region.,"```
{
    ""image_path"": ""women-dress.jpeg"",
    ""crop_mode"": ""extract"",
    ""width"": 300,
    ""height"": 300,
    ""x"": 50,
    ""y"": 100,
}
```",image_overlay
Solid Color Overlay,image_path,string,ik_canvas,"image_path = 'ik_canvas'
* height and width required
* `background` is requried","solid_color_overlay, image_overlay",image_overlay,Used to make solid color overlay,"## 1. Basic solid color block
**Params**

```
{
    ""image_path"": ""ik_canvas"",
    ""background"": ""FF0000"",
    ""width"": 300,
    ""height"": 100,
}
```

---

## 2. Solid color block with position control

**Params**

```
{
    ""image_path"": ""ik_canvas"",
    ""background"": ""yellow"",
    ""width"": 200,
    ""height"": 200,
    ""layer_x"": 35,
}
```

---


**Params**

```
{
    ""image_path"": ""ik_canvas"",
    ""background"": ""yellow"",
    ""width"": 200,
    ""height"": 200,
    ""layer_x"": -35,
}
```

---

### LY = 80% of base height

**Doc example**

```
{
    ""image_path"": ""ik_canvas"",
    ""background"": ""yellow"",
    ""width"": 200,
    ""height"": 200,
    ""layer_y"": ""bh_mul_0.8"",
}
```

---

## 3. Gradient effect on solid color block

**Params**

```
{
    ""image_path"": ""ik_canvas"",
    ""background"": ""FF0000"",
    ""width"": 300,
    ""height"": 100,
    ""effects"": {
        ""gradient"": {
            ""linear_direction"": ""top_left"",
            ""from_color"": ""lightskyblue"",
            ""to_color"": ""mintcream"",
            ""stop_point"": 1,
        }
    },
}
```

---

## 4. Rounded solid color block

```
{
    ""image_path"": ""ik_canvas"",
    ""background"": ""red"",
    ""width"": 200,
    ""height"": 200,
    ""effects"": {""radius"": ""max""},
}
```

---

## 8. Solid block with expressions for size

**Params**

```
{
    ""image_path"": ""ik_canvas"",
    ""background"": ""red"",
    ""width"": ""bw_mul_0.8"",
    ""height"": ""bh_div_2"",
}
```",image_overlay
Text,text,string,string,,text_overlay,text_overlay,The text string to overlay on the base image.,"```
{
    ""text"": ""Overlay made easy""
}
```",text_overlay
Position,"lx, ly","number, arithmetic_expression",Number and arithmetic expression,"* Accepts numbers, negative numbers, or arithmetic expressions
* Negative values are serialized using the `N` prefix
* Arithmetic expressions are evaluated relative to base image width","text_overlay, position",text_overlay,Controls the horizontal position of the text layer relative to the base image.,"```
{
    ""text"": ""Overlay made easy"",
    ""layer_x"": 35,
    ""layer_y"": 40
}
```

Negative Values
```
{
    ""text"": ""Overlay made easy"",
    ""font_size"": 45,
    ""layer_x"": -35
}
```

Arithmetic Expression
```
{
    ""text"": ""Overlay made easy"",
    ""font_size"": 45,
    ""layer_x"": 'bw_mul_0.1',
    ""layer_y"": ""bh_mul_0.1""
}
```",text_overlay
Width,width,"number, arithmetic_expression",Number and arithmetic expression,"* Accepts positive numbers or arithmetic expressions
* Height is calculated automatically based on wrapped lines
* Text layer dimensions must not exceed **16,383 px** in any direction","text_overlay, sizing",text_overlay,Maximum width of the text box. Text wraps automatically when this width is exceeded.,"Width

{
    ""text"": ""Overlay made easy"",
    ""font_size"": 45,
    ""lx"": 'bw_mul_0.1',
     ""width"": 150
}

Width with expressions

```
{
""text"": ""Overlay made easy"",
    ""font_size"": 45,
    ""layer_x"": 'bw_mul_0.1',
     ""width"": 'bw_mul_0.5'
}
```",text_overlay
Font Size,font_size,"number, arithmetic_expression",Number and arithmetic expression,"* Accepts positive numbers or arithmetic expressions
* Expression values are relative to base image dimensions","text_overlay, font",text_overlay,Controls the font size of the overlaid text.,"font_size with integer value

{
    ""text"": ""Overlay made easy"",
    ""font_size"": 45,
    ""layer_x"": 'bw_mul_0.1',
     ""width"": 150
}

font_size with arithmetic expression - 10% of base image width

```
{
""text"": ""Overlay made easy"",
    ""font_size"": ""bw_mul_0.1"",
}
```",text_overlay
Font Color,color,string,"RGB, RGBA, color name","* Accepts:

  * RGB hex (`FF0000`)
  * RGBA hex with opacity (`FFAABB50`)
  * Named colors (`red`)
* For RGBA, last two digits control opacity (`00`–`99`)","text_overlay, font, color",text_overlay,Sets the color of the text.,"Setting red Color

```
{
    ""text"": ""Overlay made easy"",
    ""font_size"": ""bw_mul_0.1"",
    ""color"": ""red""
}
```",text_overlay
Inner Alignment,inner_alignment,string,"left, right, center","* Allowed values: `left`, `center`, `right`
* Default is `center`","text_overlay, font, alignment",text_overlay,Controls horizontal alignment of text **within** the text box.,"
```
{
    ""text"": ""Overlay made easy"",
    ""font_size"": ""bw_mul_0.1"",
    ""color"": ""red"",
    ""inner_alignement"": ""left""
}
```",text_overlay
Padding,padding,"number, string","number, `top_right_bottom_left`","* Accepts:

  * Single positive integer
  * CSS-style shorthand using `_`
  * Arithmetic expressions
* Shorthand order: `top_right_bottom_left`","text_overlay, font",text_overlay,Adds space around the text inside its background box.,"padding 

```
{
    ""text"": ""Overlay made easy"",
    ""font_size"": 45,
    ""padding"": 10,
    ""background"": ""white""
}
```

padding with top_right_botton_left
```
{
    ""text"": ""Overlay made easy"",
    ""font_size"": 45,
    ""padding"": '25_50_75_100',
    ""background"": ""white"",
}
```

padding with top_horizontal_bottom
```
{
    ""text"": ""Overlay made easy"",
    ""font_size"": 45,
    ""padding"": '25_75_60',
    ""background"": ""white"",
}
```

padding with vertical_horizontal
```
{
    ""text"": ""Overlay made easy"",
    ""font_size"": 45,
    ""padding"": '25_75',
    ""background"": ""white"",
}
```",text_overlay
Alpha,alpha,number,1-9,"* Integer values only
* Range: **1 (least opaque)** → **9 (most opaque)**","text_overlay, opacity",text_overlay,Controls transparency of the entire text layer.,"alpha - transparency

```
{
    ""text"": ""Overlay made easy"",
    ""font_size"": 45,
    ""padding"": 40,
    ""background"": ""white"",
    ""width"": 300,
    ""alpha"": 7 # 70 % opacity
}
```",text_overlay
Typography,typography,string,"""b"", ""i"", ""strikethrough"", ""b_i"", ""b_strikethrough"", ""i_strikethrough"", ""b_i_strikethrough"",","Allowed value

""b"", ""i"", ""strikethrough"", ""b_i"", ""b_strikethrough"", ""i_strikethrough"", ""b_i_strikethrough"",","text_overlay, typography",text_overlay,Applies typographic styling to the text.,"Bold


```
{
    ""text"": ""Overlay made easy"",
    ""font_size"": 45,
    ""padding"": 25,
    ""background"": ""white"",
    ""typography"": 'b'
```",text_overlay
Font Family,font_family,string,path of custom font or allowed values in font,"Allowed value for font

- ""AbrilFatFace"", ""Amaranth"", ""Arvo"", ""Audiowide"", ""Chivo"", ""Crimson Text"", ""exo"", ""Fredoka One"", ""Gravitas One"", ""Kanit"", ""Lato"", ""Lobster"", ""Lora"", ""Monoton"", ""Montserrat"", ""PT Mono"", ""PT_Serif"", ""Open Sans"", ""Roboto"", ""Old Standard"", ""Ubuntu"", ""Vollkorn""

Custom font
- /path/to/font.ttf","text_overlay, font",text_overlay,Specifies the font used to render the text.,"Supported font

```
{
    ""text"": ""Overlay made easy"",
    ""font_size"": 45,
    ""padding"": 25,
    ""background"": ""white"",
    ""font_family"": 'Monoton'
    # ""font_family"": '/fonts/v1.2/Poppins-Regular_Q15GrYWmL.ttf'
}
```

Custom Font
```
{
    ""text"": ""Overlay made easy"",
    ""font_size"": 45,
    ""padding"": 25,
    ""background"": ""white"",
    ""font_family"": 'love_days.ttf'
}
```",text_overlay
Line Height ,line_height,"number, arithmetic_expression",Number and arithmetic expression,"* Only applies when text wraps
* Accepts positive numbers or arithmetic expressions","text_overlay, sizing",text_overlay,Controls spacing between lines when text wraps across multiple lines.,"Line Height
```
{
    ""text"": ""Overlay made easy"",
    ""width"": 150,
    ""font_size"": 45,
    ""background"": ""white"",
    ""line_height"": 20,
}
```",text_overlay
Flip,flip,string,"h, v, h_v","* Allowed values:

  * `h` → horizontal
  * `v` → vertical
  * `h_v` → both directions","text_overlay, flip",text_overlay,Flips or mirrors the text layer.,"```
{
    ""text"": ""Overlay made easy"",
    ""font_size"": 45,
    ""flip"": ""h""
}
```",text_overlay
layer_mode,string,string,"`displace`, `cutter`, `cutout` and `multiply`","* Image Overlay Allowed values:
`displace`, `cutter`, `cutout` and `multiply`

`displace` layer mode require either or both of `x` and `y`","image_overlay, layer mode",image_overlay,"Multiply
Blends the overlay layer with the base image using a multiply blending operation.
Pixel values of the overlay and base image are multiplied together, producing a
darker result where the layers overlap.

For text overlays, the text is first rendered as an image and then multiplied
with the base image.

---
Cutout 
Creates transparent areas in the base image using the overlay layer as an
inverse transparency mask.

Where the overlay layer is opaque, the base image becomes transparent.
Where the overlay layer is transparent, the base image remains unchanged.

For text overlays, the rendered text acts as the transparency mask.

---
Cutter
Masks the base image using the overlay layer, keeping only the areas where the
overlay layer is opaque and discarding all other areas.

Unlike cutout mode, the output image dimensions match the overlay layer rather
than the base image.

For text overlays, the rendered text defines the visible shape of the output.

---
Displace
Distorts the base image using the overlay layer as a displacement map.
The displacement map’s pixel values control how pixels in the base image are
shifted horizontally and vertically.

Red channel controls horizontal displacement

Green channel controls vertical displacement

Channel values:

128 → no displacement

<128 → negative displacement (left or up)

128 → positive displacement (right or down)","Layer modes in image_overlay

Example 1: Displace layer_mode. image_path is the path for displacement_map

```
{
    ""image_path"": ""radialize.jpeg"",
    ""layer_mode"": ""displace"",
    ""y"": 100 
}
```

Example 2: Cutout layer mode 

```
{
    ""image_path"": ""logo-white_SJwqB4Nfe.png"",
    ""layer_mode"": ""cutout"",
}
```

Example 3: Cutter
```
{
    ""image_path"": ""logo-white_SJwqB4Nfe.png"",
    ""layer_mode"": ""cutter"",
}
```

Example 4: Multiply Layer mode
```
{
    ""image_path"": ""logo-white_SJwqB4Nfe.png"",
    ""layer_mode"": ""multiply"",
}
```",image_overlay
layer_mode,string,string,"`cutter`, `cutout` and `multiply`","* Text Overlay Allowed values:
`cutter`, `cutout` and `multiply`


","text_overlay, layer mode",text_overlay,"Multiply
Blends the overlay layer with the base image using a multiply blending operation.
Pixel values of the overlay and base image are multiplied together, producing a
darker result where the layers overlap.

For text overlays, the text is first rendered as an image and then multiplied
with the base image.

---
Cutout 
Creates transparent areas in the base image using the overlay layer as an
inverse transparency mask.

Where the overlay layer is opaque, the base image becomes transparent.
Where the overlay layer is transparent, the base image remains unchanged.

For text overlays, the rendered text acts as the transparency mask.

---
Cutter
Masks the base image using the overlay layer, keeping only the areas where the
overlay layer is opaque and discarding all other areas.

Unlike cutout mode, the output image dimensions match the overlay layer rather
than the base image.

For text overlays, the rendered text defines the visible shape of the output.

---
Displace
Distorts the base image using the overlay layer as a displacement map.
The displacement map’s pixel values control how pixels in the base image are
shifted horizontally and vertically.

Red channel controls horizontal displacement

Green channel controls vertical displacement

Channel values:

128 → no displacement

<128 → negative displacement (left or up)

128 → positive displacement (right or down)","Layer modes in text_overlays

Example 1: Multiply layer mode
```
{
    ""text"": ""Overlay made easy"",
    ""font_size"": 60,
    ""layer_mode"": ""multiply"",
    ""color"": ""red"",
    ""typography"": ""b"",
}
```

Example 2: Cutout layer mode
```
{
    ""text"": ""Overlay made easy"",
    ""font_size"": 60,
    ""layer_mode"": ""cutout"",
    ""typography"": ""b"",
}
```
Example 3: Cutter layer mode: Text with color as base image as color
```
{
    ""text"": ""Overlay made easy"",
    ""font_size"": 60,
    ""color"": ""red"",
    ""typography"": ""b"",
    ""layer_mode"": ""cutter"",
}
```",text_overlay
Contrast,contrast,boolean,boolean,"* Cannot be configured or tuned
* Applied globally to the image
* Can be chained with other transformations",contrast,"effects_and_enhancements, image_overlay, text_overlay","Automatically enhances image contrast by stretching pixel intensity values to the full available range, making dark areas darker and bright areas brighter.","# Using contrast
```
{
    ""contrast"": True
}
```",effects_and_enhancement
Sharpen,sharpen,boolean,boolean,"* Excessive values may cause artifacts
* Less precise than `unsharp mask`
* Parameter must be a positive number",sharpen,"effects_and_enhancements, image_overlay","* Excessive values may cause artifacts
* Less precise than `e-usm`
* Parameter must be a positive number","# Using sharpen
```
{
    ""sharpen"": True,
}
```

# Using sharpen with custom value
```
{
    ""sharpen"": 10,
}
```",effects_and_enhancement
Unsharp Mask,unsharp_mask,custom_parameters,"Syntax:
`e-usm-<radius>-<sigma>-<amount>-<threshold>`

* `radius`: positive float
* `sigma`: positive float
* `amount`: positive float
* `threshold`: positive float","* All 4 parameters are required
* Only **positive floating-point values** allowed
* More computationally expensive than `e-sharpen`",unsharp mask,"effects_and_enhancements, image_overlay",Applies Unsharp Masking (USM) for advanced sharpening with better perceptual quality.,"# unsharp mask with custom params value
```
{
    ""unsharp_mask"": {
        ""radius"": 2,
        ""sigma"": 2,
        ""amount"": 0.8,
        ""threshold"": 0.024
    },
}
```",effects_and_enhancement
Shadow,shadow,"custom_parameters, boolean","Boolean 

OR

Configurable parameters (order-independent, `_` separated):

* `blur-<0–15>` → blur
* `saturation-<0–100>` → saturation
* `x_offset-<0–100 | N0–N100>` → x offset (% width)
* `y_offset-<0–100 | N0–N100>` → y offset (% height)","* Works **only on images ≤ 2MP**
* Larger images must be resized before applying
* Requires transparent background to be visually meaningful
* Negative values must be prefixed with `N`",shadow,"effects_and_enhancements, image_overlay",Adds a drop shadow beneath non-transparent pixels of an image with a transparent background.,"# Shadow effect
```
{
    ""shadow"": True
}
```

# Shadow with custom paramters
```
{
    ""shadow"": {
        'blur': 15,
        'saturation': 40,
        'x_offset': 10,
        'y_offset': -5,
    }
}
```",effects_and_enhancement
Gradient,gradient,"custom_parameters, boolean","Boolean
OR
**Parameters:**

* `ld` (linear direction):

  * Integer `0–359`
  * Keywords: `top`, `top_right`, `right`, `bottom_right`, `bottom`, `bottom_left`, `left`, `topleft`
* `from`: SVG color keyword, RGB hex, or RGBA hex
* `to`: SVG color keyword, RGB hex, or RGBA hex
* `sp` (stop point):

  * Float `0.01–0.99` (percentage)
  * Integer `>=1` (pixels)
  * Arithmetic expression (e.g. `ih_div_2`)

Defaults:

* `ld`: `180` / `bottom`
* `from`: `FFFFFF`
* `to`: `00000000`
* `sp`: `1`

","* Parameters are optional but must follow correct types
* Color alpha must be encoded as last 2 hex digits
* Can be used as:

  * Base image effect
  * Overlay layer
  * Background underlay (with layers)",gradient,effects_and_enhancements,"Applies a linear gradient overlay or background with configurable colors, direction, and stop point.","# gradient with default params
```
{
    ""gradient"": True
}
```


# gradient with custom parameters
```
{
    ""gradient"": {
        'linear_direction': 45,
        'from_color': 'FF000000',
        'to_color': 'FFFFFF50',
        'stop_point': 0.5,
    }
}
```

# gradient to top direction

```
{
    ""gradient"": {
        'linear_direction': 'top',
        'from_color': 'green',
        'to_color': '00FF0010',
        'stop_point': 1,
    }
}
```",effects_and_enhancement
Grayscale,grayscale,boolean,,"* No configuration options
* Fully removes color information",grayscale,"effects_and_enhancements, image_overlay",Converts the image to grayscale.,"# grayscale images

```
{
    ""grayscale"": True
}
```",effects_and_enhancement
Perspective Distort Transform,perspective_distort,custom_parameters,"x1': 100,
        'y1': 100,
        'x2': 700,
        'y2': -100,
        'x3': 600,
        'y3': 600,
        'x4': 0,
        'y4': 600,","* All 8 values are required
* Coordinates are clockwise from top-left
* No arithmetic expressions supported",distort,"effects_and_enhancements, image_overlay",,"# Perspective distort transform with custom coordinates`
```
{
    ""perspective_distort"": {
        'x1': 100,
        'y1': 100,
        'x2': 700,
        'y2': -100,
        'x3': 600,
        'y3': 600,
        'x4': 0,
        'y4': 600,
    }
}
```",effects_and_enhancement
Arc Distort,arc_distort,custom_parameters,`degress` is required,* degrees param is required,distort,"image_overlay, effects_and_enhancements",Curves the image upward or downward.,"# Arc distort

{
    ""arc_distort"": {
        'degrees': -30,
    }
}",effects_and_enhancement
Trim,trim,"boolean, number","* True
* `-<1–99>` → threshold","* Best suited for solid or uniform backgrounds
* Higher threshold trims more aggressively",trim,"effects_and_enhancements, image_overlay",Removes solid or near-solid background pixels around a central object.,"# trim with default params
```
{
    ""trim"": True
}
```

# trim with 5 threshold
```
{
    ""trim"": 5
}
```

# trim with 50 threshold
```
{
    ""trim"": 50
}
```
",effects_and_enhancement
Blur,blur,number,* number 1-100,"* Integer values only
* Higher values significantly increase blur radius",blur,"text_overlay, image_overlay, effects_and_enhancements",Applies Gaussian blur to the image.,,effects_and_enhancement
Border,border,custom_parameters,"* border_width -> Number and arithmetic expression
* color -> Color hex, svg color","* Width expression evaluated before rendering
* Color alpha not supported directly",border,"text_overlay, image_overlay, effects_and_enhancements",Adds a border of specified width and color around the image.,"# blur with width 20 and custom rgba color
```
{
    ""border"": {
        ""border_width"": 20,
        ""color"": ""FF00FF99""
    }
}
```

# blur with width 20 and red color
```
{
    ""border"": {
        ""border_width"": 20,
        ""color"": ""red""
    }
}
```",effects_and_enhancement
Rotate,rotate,custom_parameters,"* `<number>` 
* `rt-auto`","* `auto` relies on EXIF metadata
* Rotation occurs after resizing",rotate,"text_overlay, image_overlay, effects_and_enhancements","Rotates the image clockwise, counter-clockwise, or automatically using EXIF orientation.","# rotate with auto
```
{
    ""rotate"": ""auto""
}
```

# rotate in clockwise direction
```
{
    ""rotate"": 90
}
```

# rotate in anti clockwise direction
```
{
    ""rotate"": -90
}
```",effects_and_enhancement
Flip,flip,enum,"h, v, h_v",* No partial or numeric values allowed,flip,"text_overlay, image_overlay, effects_and_enhancements","Mirrors the image horizontally, vertically, or both.","# flip by horizontal axis
```
{
    ""flip"": 'h'
}
```

# flip by horizontal and vertical axis
```
{
    ""flip"": 'h_v
}
```",effects_and_enhancement
Radius,radius,"string, number","* `<positive integer>`
* `max`","* Applied **after resizing**
* Must be chained after advanced crop modes (`c`, `cm`)",radius,"effects_and_enhancements, image_overlay, text_overlay",Rounds image corners; can produce a fully circular image.,"# radius with 50 pixel
```
{
    ""radius"": 50
}
```

# radius for round corner
```
{
    ""radius"": ""max""
}
``` ",effects_and_enhancement
Color Replace,color_replace,custom_parameters,"* `toColor`: required
* `tolerance`: `0–100` (default `35`)
* `fromColor`: optional (auto-detected if omitted)","* Works best on saturated colors
* High tolerance may affect unintended regions",radius,"effects_and_enhancements, image_overlay, text_overlay",Replaces a source color and its similar shades with a target color while preserving luminosity.,"# color replace by selecting dominant color
```
{
    ""color_replace"": {
        ""to_color"": ""00FF00"",
    },
}
```

# color replace with custom params
```
{
    ""color_replace"": {
        ""to_color"": ""00FF00"",
        ""tolerance"": 40,
        ""from_color"": ""FF0000"",
    },
}
```",effects_and_enhancement